,NODE_ID,NODE_TYPE,NODE_NAME,TURN_P,REMARK,geometry
17337,1210002000,105,¼­ÃÊ±¸-°­³²±¸,0,,POINT (127.01616373104075 37.523817481666555)
17447,1210021400,103,¼Ó¼ºº¯È­Á¡,0,,POINT (127.03444497638141 37.48284388098452)
17454,1210022100,101,¾çÀçÇÃ¶óÀÚ,1,,POINT (127.03525095623934 37.48335968066207)
17470,1210023700,104,¾çÀçÁöÇÏÂ÷µµ¼­Ãø,0,,POINT (127.03227722928123 37.48431162519087)
17472,1210024100,101,¾çÀç¿ª»ç°Å¸®,1,,POINT (127.03406089123655 37.48458059806184)
17474,1210024700,104,¾çÀçÁöÇÏÂ÷µµµ¿Ãø,0,,POINT (127.0360474110587 37.48484700810373)
17475,1210024701,101,BRÄÚ¸®¾Æº»»ç,0,,POINT (127.03636618245154 37.4848912949908)
17479,1210025100,101,¾çÀçºôµù,0,,POINT (127.03822043794835 37.48514888463971)
17480,1210025101,101,µµ°îµ¿910-3,0,,POINT (127.03944573297684 37.48531917253273)
17487,1210026200,101,¾çÀçÀüÈ­±¹±³Â÷·Î,1,,POINT (127.04135326304369 37.48558424654249)
17508,1210032500,101,Ã»³²ºôµù¾Õ,1,,POINT (127.02918581284047 37.49467644697177)
17516,1210033000,101,¼­ÃÊÆ®¶óÆÓ¸®½ºII,0,,POINT (127.0267249453352 37.495823448753704)
17517,1210033001,101,°­³²¿ª(½ÅºÐ´ç¼±),0,,POINT (127.02769377658359 37.496117662893965)
17518,1210033200,101,ÁØºôµù,0,,POINT (127.02839656328881 37.496331078786866)
17524,1210034100,101,°­³²¿ª»ç°Å¸®,1,,POINT (127.0276431827856 37.49798569648267)
17534,1210035400,101,´ëµ¿ºôµù¾Õ»ï¼º°í°´ÇÁ,1,,POINT (127.02691008957572 37.49950352975734)
17566,1210040400,101,±³º¸Å¸¿ö»ç°Å¸®,1,,POINT (127.02448635754082 37.504521274446816)
17572,1210042500,101,ÆÄ½ºÄíÂî½Å³íÇöÁ¡,1,,POINT (127.02387546695638 37.50581344111893)
17579,1210043400,101,Ã»ÇÏºôµù,1,,POINT (127.02327737624725 37.507065116070116)
17603,1210046000,101,³íÇö¿ª¾Õ±³Â÷·Î,0,,POINT (127.02132980811236 37.511113407878824)
17608,1210046500,101,¿øºôµù,1,,POINT (127.02081538096184 37.51220056317553)
17613,1210047200,101,°­³²¿þµù¹®È­¿ø,1,,POINT (127.01999891155683 37.51459887971743)
17618,1210047800,101,´ë¿øºôµù,1,,POINT (127.01855402929736 37.515810599807615)
17619,1210047900,101,½Å»ç¿ª»ç°Å¸®,1,,POINT (127.01956201373429 37.516125911890796)
17627,1210048800,106,ÇÑ³²IC,0,,POINT (127.0190048062834 37.5177218702145)
17628,1210048900,106,ÇÑ³²IC,0,,POINT (127.01913207036337 37.517762757926135)
17629,1210049100,106,ÇÑ³²IC,0,,POINT (127.0168725845238 37.52062611199296)
17631,1210049400,106,ÇÑ³²´ë±³³²Ãø,1,,POINT (127.01583555135252 37.5208086248889)
17634,1210049700,101,ÇÑ³²IC,1,,POINT (127.01642834631102 37.52110315205266)
17635,1210049800,106,ÇÑ³²IC,0,,POINT (127.01723664422649 37.52143671786168)
17636,1210050100,106,ÇÑ³²IC,0,,POINT (127.01760941778527 37.521934525483005)
17637,1210050200,106,ÇÑ³²IC,0,,POINT (127.01792306630219 37.52156542125409)
17638,1210050300,105,¼­ÃÊ±¸-°­³²±¸,0,,POINT (127.01776186009968 37.52177397279429)
17639,1210050400,106,ÇÑ³²´ë±³³²Ãø,0,,POINT (127.01550969572287 37.522550226355285)
17640,1210050500,104,Àá¿ø°í°¡Â÷µµ,0,,POINT (127.0175844575562 37.52226838405221)
17641,1210050600,106,ÇÑ³²IC,0,,POINT (127.01442005111002 37.522395839755504)
17642,1210050800,104,Àá¿ø°í°¡Â÷µµ,0,,POINT (127.01719540671279 37.52254563751503)
17649,1210051900,106,ÇÑ³²´ë±³,0,,POINT (127.01652189013657 37.522920534532155)
17693,1210082400,102,¼­ÃÊµ¿1390,0,,POINT (127.02465857636878 37.50237922310428)
17695,1210082600,102,°­³²¿ª±³Â÷·Î,0,,POINT (127.02705840797286 37.4973631517155)
17697,1210082800,102,¼­ÃÊµ¿1402,0,,POINT (127.02972072731332 37.49127220581465)
17732,1220001400,106,ÅºÃµ1±³,0,,POINT (127.08272517716551 37.499140932845904)
17733,1220001500,106,ÇÑ±¹°¡½º¾ÈÀü°ø»ç¼­¿ïÁö¿ªº»ºÎ¾Õ,0,,POINT (127.0774069989859 37.50055443857948)
17734,1220001700,101,ÈÖ¹®°í±³¾Õ±³Â÷·Î,1,,POINT (127.06514883961457 37.5052297805127)
17735,1220001900,106,°­³²¿îÀü¸éÇã½ÃÇèÀå,0,,POINT (127.06793796641487 37.50881305910737)
17736,1220002400,104,Ã»´ã´ë±³³²Ãø,0,,POINT (127.06317147884495 37.52179741619711)
17737,1220002500,106,ÇÑ³²IC,0,,POINT (127.01956262642639 37.52276683110512)
17738,1220002900,103,¼Ó¼ºº¯È­Á¡,0,,POINT (127.03434455766703 37.53301008556939)
17775,1220017500,101,¹é±¤ºôµù,0,,POINT (127.03802270342499 37.486051859645094)
17776,1220017501,101,µµ°îµ¿902-63,0,,POINT (127.03920005508695 37.48662773266897)
17777,1220017502,101,¾ðÁÖÃÊµîÇÐ±³,0,,POINT (127.03775663578219 37.48723751758116)
17778,1220017503,101,µµ°îµ¿895-60,0,,POINT (127.0396210715818 37.48742653769479)
17779,1220017504,101,µµ°îµ¿902-63,0,,POINT (127.04010218011172 37.48828469354233)
17780,1220017505,101,µµ°îµ¿902-95,0,,POINT (127.03746904789686 37.488545683434765)
17783,1220017900,101,¸ÅºÀ¿ª¾Õ±³Â÷·Î,1,,POINT (127.04540582467241 37.486325350636285)
17796,1220019300,101,¿ì¼ºÄ³¸¯ÅÍ-ºô,1,,POINT (127.0504817215688 37.487227989447085)
22072,1220020400,101,Å¸¿öÆÓ¸®½º¾Õ,1,,POINT (127.05175356641925 37.48779361994256)
22073,1220020500,101,¸ÅºÀÅÍ³Î¾Õ,0,,POINT (127.05001931378393 37.48797787607614)
22074,1220020600,101,¸ÅºÀÅÍ³Î,0,,POINT (127.05015403708848 37.48800119741291)
22076,1220020800,101,¸ÅºÀÅÍ³Î,0,,POINT (127.04931875598903 37.48810909694767)
22078,1220021000,101,¸ÅºÀÅÍ³Î,0,,POINT (127.04929760845128 37.48822477535909)
22079,1220021100,101,¸ÅºÀÅÍ³Î¾Õ±³Â÷·Î,1,,POINT (127.04985965469135 37.488427167151)
22080,1220021200,101,»ï¼º¿£Áö´Ï¾î¸µ»ç¿Á,0,,POINT (127.0528758115925 37.48831162600495)
22082,1220021400,101,°æ³²¾ÆÆÄÆ®,1,,POINT (127.0414520937634 37.48848663723814)
22083,1220021401,101,µµ°îµ¿874-1,1,,POINT (127.04156087595418 37.48973753832925)
22084,1220021500,101,¸ÅºÀÅÍ³Î,0,,POINT (127.05039736371363 37.48860727571298)
22086,1220021700,101,¸ÅºÀÅÍ³Î,0,,POINT (127.05043834209997 37.48874993370635)
22087,1220021900,101,¸ÅºÀÅÍ³Î,0,,POINT (127.04955646702406 37.48883892552139)
22088,1220022000,101,´Ã¹þ°ø¿ø,0,,POINT (127.05575344388136 37.488597665096464)
22090,1220022300,101,¸ÅºÀÅÍ³Î,0,,POINT (127.04967916371484 37.488880332061115)
22091,1220022400,101,´Ã¹þ°ø¿ø,0,,POINT (127.05626092038523 37.489105200038225)
22096,1220023200,101,¿µµ¿4±³,1,,POINT (127.05580807671933 37.48964894857489)
22099,1220023500,101,¹ÌÁøºôµù,1,,POINT (127.03287998690767 37.48993994999028)
22100,1220023600,101,¿Á½ÅÅ¸¿ö,1,,POINT (127.03340511882485 37.49011144462632)
22103,1220023900,101,´öÈïÁ¶°æ,1,,POINT (127.0350837459324 37.490629460886105)
22104,1220024000,101,µ¿ºÎ±³È¸,1,,POINT (127.03316301428886 37.49063001565314)
22105,1220024100,101,µµ°î¿ª¾Õ±³Â÷·Î,1,,POINT (127.05541224044462 37.49092810783295)
22106,1220024101,101,´ëÄ¡µ¿600,1,,POINT (127.05837800730785 37.492292529139036)
22107,1220024102,101,´ëÄ¡µ¿600,0,,POINT (127.05970542178983 37.49290614538689)
22109,1220024300,101,»óÁØºôµù,1,,POINT (127.03678482979791 37.49113671795932)
22123,1220025900,101,µµ°î1µ¿ÁÖ¹Î¼¾ÅÍÀÔ±¸±³Â÷·Î,1,,POINT (127.0408962710925 37.492395864716094)
22124,1220025901,101,¿ª»ïµ¿805,1,,POINT (127.04243686462638 37.49287933792793)
22129,1220026500,101,Ã»½ÇÁ¾ÇÕ»ó°¡,0,,POINT (127.05983874915259 37.49296777619278)
22130,1220026501,101,´ëÄ¡µ¿600,1,,POINT (127.06093691685054 37.49347143461285)
22136,1220027100,101,¹®Áø¹Ìµð¾îºôµù,1,,POINT (127.04037030549453 37.49351648764428)
22138,1220027300,101,¼­Á¤ºôµù,1,,POINT (127.03176410461656 37.49358407676126)
22139,1220027400,101,µµ°îÁß,1,,POINT (127.04514552257572 37.493729311666534)
22141,1220027600,101,°­³²¼¼ºê¶õ½º±³Â÷·Î,1,,POINT (127.04674364959658 37.494199614060896)
22144,1220027900,101,¿ª»ïµ¿M-MOTERSºôµù,1,,POINT (127.04478094052438 37.49445416185522)
22145,1220028000,101,´ëÄ¡¿ª¾Õ±³Â÷·Î,1,,POINT (127.06324159217898 37.49452838479863)
22147,1220028200,101,¿ª»ïÁß,1,,POINT (127.04841352872118 37.494785385301014)
22149,1220028500,101,¹é¾Èºôµù,0,,POINT (127.04639032546544 37.49494804404837)
22150,1220028600,101,´ë°îÃÊµîÇÐ±³,1,,POINT (127.06495342486056 37.495032846040196)
22151,1220028700,101,Áø´Þ·¡¾ÆÆÄÆ®,1,,POINT (127.04983802450025 37.49527111226947)
22152,1220028701,101,¿ª»ïÁßÇÐ±³,0,,POINT (127.04947433750178 37.49600281860881)
22153,1220028900,101,´ë¸²¿ª»ï¾ÆÆÄÆ®,1,,POINT (127.0460862784835 37.495592080154005)
22154,1220029000,101,±¸¿ª»ï¼¼¹«¼­¾Õ±³Â÷·Î,1,,POINT (127.03925402495531 37.49585332243492)
22155,1220029100,101,Àº¸¶»ó°¡,0,,POINT (127.06251270076896 37.49590190967748)
22156,1220029300,101,ÇÑÆ¼¿ª¾Õ±³Â÷·Î,1,,POINT (127.05290890371768 37.496297165940575)
22157,1220029500,101,ÇÐ¿©¿ï¿ª¾Õ±³Â÷·Î,1,,POINT (127.06994541152464 37.496512793300234)
22158,1220029900,101,·Ôµ¥¹éÈ­Á¡¾Õ,1,,POINT (127.05473595406336 37.49687562579136)
22159,1220029901,103,¼Ó¼ºº¯È­Á¡,0,,POINT (127.05632177174942 37.49739651176896)
22160,1220029902,102,´ëÄ¡µ¿1013-5,0,,POINT (127.05577683148037 37.494605399530684)
22161,1220029903,101,´ëÄ¡µ¿1021-18,0,,POINT (127.05926587301819 37.495782877072905)
22162,1220030000,101,±¤Áøºôµù,1,,POINT (127.04551743095764 37.49683193805446)
22163,1220030200,102,¿¤Áö°³Æ÷ÀÚÀÌ,0,,POINT (127.07718269813225 37.49701472970313)
22164,1220030300,104,´ëÄ¡±³¼­Ãø,0,,POINT (127.07311188256723 37.49744060386065)
22165,1220030400,101,»ï¹Ìºôµù,1,,POINT (127.05227904739621 37.49761956705921)
22166,1220030500,101,¿ª»ïµ¿HM´Ù¼¼´ëÁÖÅÃ,1,,POINT (127.04855908734629 37.49778906265044)
22167,1220030501,101,¿ª»ïµ¿755-8,0,,POINT (127.0508011099216 37.498530367900294)
22168,1220030600,104,´ëÄ¡±³µ¿Ãø,0,,POINT (127.07430906209231 37.4977974446555)
22170,1220030900,101,´ëÄ¡»ï¼º¾ÆÆÄÆ®¾Õ±³Â÷·Î,1,,POINT (127.05889720590669 37.4982423901092)
22171,1220031100,101,°³³ª¸®¾ÆÆÄÆ®¾Õ±³Â÷·Î,1,,POINT (127.04471392070684 37.49854349304405)
22172,1220031200,101,Áß¾Óºôµù,0,,POINT (127.05169193610496 37.49882489792009)
22173,1220031300,101,Àº¸¶¾ÆÆÄÆ®ÀÔ±¸±³Â÷·Î,1,,POINT (127.0609312315068 37.49887508213593)
22174,1220031301,101,´ëÄ¡µ¿1012-82,0,,POINT (127.06257959439702 37.49943921164311)
22175,1220031302,101,´ëÄ¡µ¿1012-82,1,,POINT (127.06478928990002 37.500169558007485)
22176,1220031400,101,´ëÄ¡ÁöÇÏÂ÷µµ¼­Ãø,0,,POINT (127.07816399195556 37.49899932015112)
22177,1220031500,101,±¹±â¿øÀÔ±¸±³Â÷·Î,1,,POINT (127.03103231025106 37.49901217502283)
22178,1220031600,101,ÀÏ¿øµ¿514,0,,POINT (127.08221524097205 37.498802987198104)
22179,1220031700,101,ÇÑÀº±ÝÀ¶°áÀç¿ø,1,,POINT (127.03759821777884 37.49936775549719)
22180,1220031800,101,ÇÑ¼ÖÇÊ¸®¾Æ,1,,POINT (127.0476676306248 37.49951319573664)
22181,1220031900,101,¼ºº¸ºôµù,1,,POINT (127.03595610595784 37.49979937833467)
22182,1220032000,101,ÇÑ±¹Å¸ÀÌ¾îºôµù,1,,POINT (127.03394106731227 37.49991249571231)
22183,1220032100,101,´ëÄ¡E.MÇÁ¶óÀÚ,1,,POINT (127.05117002474307 37.49992744667035)
22184,1220032200,101,°úÇÐ±â¼úÈ¸°ü,1,,POINT (127.03055251073172 37.50008506234881)
22185,1220032300,101,¿ì¼®ºôµù,1,,POINT (127.06020071464098 37.50019137872785)
22186,1220032400,105,°­³²±¸-¼ÛÆÄ±¸,0,,POINT (127.08270665535797 37.500286043253794)
22187,1220032500,101,°­³²ÆÄÀÌ³½½º¼¾ÅÍ,1,,POINT (127.03569179419091 37.5004468403526)
22188,1220032600,101,Çö´ëÇØ»ó°­³²»ç¿Á,1,,POINT (127.03362272061545 37.50062418600504)
22189,1220032700,101,¿ª»ï¿ª¾Õ±³Â÷·Î,1,,POINT (127.0369311085168 37.50082507564048)
22190,1220032800,101,´ëÄ¡¿ì¼º¾ÆÆÄÆ®¾Õ±³Â÷·Î,1,,POINT (127.06745967715067 37.50099903395001)
22191,1220032900,101,¿ì½Åºôµù,1,,POINT (127.0352566936371 37.50112433197449)
22192,1220033000,101,¼ºÁøºôµù,0,,POINT (127.05267166108347 37.50116074135202)
22193,1220033100,101,·Î¸¸½ºÇÏ¿ì½º,1,,POINT (127.05054723783131 37.50123318681233)
22194,1220033200,101,ÀÏ¿ùºôµù¾Õ,1,,POINT (127.03839236611162 37.50126544403773)
22195,1220033300,101,ÅºÃµ2±³,1,,POINT (127.06859105399644 37.50135120190017)
22196,1220033400,101,µð¿Àºô¿ª»ï,1,,POINT (127.04337447629352 37.501376887945305)
22197,1220033500,101,¿À°¡ºôµù,1,,POINT (127.05234896863699 37.501828381422264)
22198,1220033600,101,¼­¿ï¸£³×»ó½ºÈ£ÅÚ¾Õ,1,,POINT (127.041178597175 37.502129866777665)
22199,1220033700,101,Ä¿ÇÇºó¿ª»ïÁ¡,1,,POINT (127.03633264555442 37.50213503270387)
22200,1220033800,101,¿¬½ÅÀÚµ¿Â÷°ø¾÷»ç,1,,POINT (127.04483072312419 37.50226435304378)
22201,1220033900,101,»ïÀÍºôµù,1,,POINT (127.05668822511628 37.502469667133525)
22202,1220034000,101,´ëÀÏºôµù,1,,POINT (127.05894584716324 37.50254136072432)
22203,1220034100,101,¸£³×»ó½ºÈ£ÅÚ»ç°Å¸®,1,,POINT (127.04279212130687 37.502616258053905)
22204,1220034101,101,¸£³×»ó½ºÈ£ÅÚ±³Â÷·Î,0,,POINT (127.04364646211373 37.50287338802167)
22205,1220034200,101,ÁÖ¿øºôµù,0,,POINT (127.03770183146287 37.50259231546062)
22206,1220034300,105,°­³²±¸-¼ÛÆÄ±¸,0,,POINT (127.07266072359529 37.5026866225116)
22207,1220034400,101,Áø¼±¿©ÀÚ°íµîÇÐ±³,1,,POINT (127.04875883713585 37.502688126639725)
22208,1220034500,101,¼ºº¸¾ÆÆÄÆ®,0,,POINT (127.04769377282449 37.502979399754565)
22209,1220034600,101,Áø¼±¿©°í,0,,POINT (127.04973450291658 37.50296425473667)
22210,1220034700,101,´ëÄ¡»ç°Å¸®,1,,POINT (127.05864556695397 37.50310649833709)
22211,1220034800,101,´ëÄ¡ÆÄÃâ¼Ò,1,,POINT (127.05637153260724 37.50314721900733)
22212,1220034900,101,»ï¼ºÁ¦ÀÏºôµù,1,,POINT (127.04432294081393 37.50307698144887)
22213,1220034901,101,ºêÀÌÇÇ,0,,POINT (127.04409771366518 37.503563569092776)
22214,1220035000,101,´ÉÇö¿ÀÇÇ½ºÅÚ,0,,POINT (127.04759814961396 37.50318445493308)
22215,1220035100,101,°­³²Á¦ÀÏº´¿ø,1,,POINT (127.03569180362729 37.5034744639443)
22216,1220035101,101,¿ª»ïµ¿801-33,0,,POINT (127.03711850131643 37.503932211693794)
22217,1220035200,101,³²ÀüÅ¸¿î,1,,POINT (127.04052105702056 37.50352706825379)
22218,1220035300,101,±âµ¶±³TV,0,,POINT (127.05152429892912 37.50355946586216)
22219,1220035400,101,Æ÷½ºÄÚthe#,1,,POINT (127.05829597502274 37.5037574802471)
22220,1220035500,101,¼¼¹æºôµù,1,,POINT (127.04937969099596 37.5037290203016)
22221,1220035600,101,ÀÌÈ¯ºôµù,0,,POINT (127.04392397537256 37.50393891612058)
22222,1220035700,101,ºòÅä¸®¾Æ¿ÀÇÇ½ºÅÚ,1,,POINT (127.04720507554471 37.50396268136659)
22223,1220035800,101,»ïºÎ¿ÀÇÇ½ººôµù,1,,POINT (127.0420434528798 37.50421494224725)
22224,1220035900,101,¼±¸ª¿ª»ç°Å¸®,1,,POINT (127.04902774496692 37.50448759180547)
22225,1220036000,101,½Å³íÇö¿ª,1,,POINT (127.02528925885007 37.504760190672414)
22226,1220036100,101,¿ì¸®ºôµù,0,,POINT (127.04679266540613 37.50481390269133)
22227,1220036200,101,·Ôµ¥Ä³½½¾ÆÆÄÆ®,0,,POINT (127.05583426192557 37.50494971381741)
22228,1220036300,101,±Ý°­Å¸¿ö,0,,POINT (127.05079661484486 37.50506613585925)
22229,1220036400,101,¿µµ¿ÀüÈ­±¹,1,,POINT (127.04159120567883 37.50521565255764)
22230,1220036500,101,ÀÌ±Ûºôµù,1,,POINT (127.05739507994423 37.50544215709985)
22231,1220036600,101,°ÅÆòÅ¸¿î¿ÀÇÇ½ºÅÚ,1,,POINT (127.02780074970094 37.50550748143664)
22232,1220036700,101,¼º¿øºôµù,1,,POINT (127.04847193366516 37.50567143485683)
22233,1220036800,101,KTFÅ¸¿ö,1,,POINT (127.05293812308723 37.505726730701866)
22234,1220036900,101,ÄÚ´Ïºôµù,1,,POINT (127.06477798505786 37.5059117759404)
22235,1220037000,101,Çö´ëÅ×´Ï½º,1,,POINT (127.06724373388823 37.50593047063137)
22236,1220037100,101,»ï¼ºµ¿ºôµù,0,,POINT (127.05022734726384 37.50622853809966)
22237,1220037200,101,µ¿ºÎ±ÝÀ¶¼¾ÅÍ,1,,POINT (127.05508415943379 37.50639086241479)
22238,1220037300,101,Á¤µçºôµù,0,,POINT (127.05023669294376 37.50677921759439)
22239,1220037400,101,Æ÷½ºÄÚ»ç°Å¸®,1,,POINT (127.05663758843633 37.50686929488043)
22240,1220037401,101,ÇÑ¼ÖÄÉ¹ÌÄ®º»»ç,0,,POINT (127.05879707697116 37.50753932079397)
22241,1220037500,101,ÄÚ½º¸ðÅ¸¿ö,1,,POINT (127.0642070436549 37.50694345906082)
22242,1220037600,101,»ï¼º¿ÀÇÇ½ºÅÚ,1,,POINT (127.05230610435926 37.50697856863941)
22243,1220037700,101,°­³²¿îÀü¸éÇã½ÃÇèÀå,1,,POINT (127.06754549284554 37.50707986097372)
22244,1220037900,101,¼±¸ª°ø¿ø,1,,POINT (127.04697364279993 37.50710596450228)
22245,1220038100,101,´ëÄ¡µ¿¼Û¼®ºôµù,1,,POINT (127.06269306923448 37.50719521656267)
22246,1220038101,101,´ë¸íÁßÇÐ±³,0,,POINT (127.06146934264687 37.50679245006278)
22247,1220038300,101,Â÷º´¿ø»ç°Å¸®,1,,POINT (127.03388948409055 37.50732930783995)
22248,1220038400,101,µ¿Áøºô¶ó,0,,POINT (127.02709661773568 37.507415928828976)
22249,1220038500,101,¸¶·çºôµù,0,,POINT (127.05353189159726 37.507510824249536)
22250,1220038600,101,»çÁ¶ºôµù,1,,POINT (127.0638726804048 37.50754763435278)
22251,1220038700,101,»ï¼ºµ¿Çö´ë¹éÈ­Á¡,1,,POINT (127.05943749914655 37.5077380151327)
22252,1220038800,101,½ºÆ÷¿ùµåÁÖÀ¯¼Ò,1,,POINT (127.03936226331581 37.50776129254291)
22253,1220038900,101,À°ÀÎºôµù,0,,POINT (127.06527759596881 37.50805676024966)
22254,1220039100,101,ºÀ¾Ïºôµù,1,,POINT (127.03722506623772 37.508304516440745)
22255,1220039300,101,¿øÇýºôµù,1,,POINT (127.05579041043558 37.508453808713654)
22256,1220039500,101,½´Æä¸®¾î»ç¿Á,1,,POINT (127.0619927993703 37.508528137985174)
22257,1220039600,101,°­³²°æÂû¼­,0,,POINT (127.06692141937512 37.508565069335376)
22258,1220039900,101,°æº¹¾ÆÆÄÆ®¾Õ±³Â÷·Î,1,,POINT (127.03847860506804 37.50867595311732)
22259,1220040200,101,»ó¸íºôµù,0,,POINT (127.02694005152892 37.508911869657645)
22260,1220040300,101,»ï¼º¿ª»ç°Å¸®,1,,POINT (127.06315512481721 37.508887515967785)
22261,1220040600,101,°æº¹¾ÆÆÄÆ®ÈÄ¹®,1,,POINT (127.04009482505502 37.5091653098554)
22262,1220040601,101,³íÇöµ¿279-164,0,,POINT (127.03967100913847 37.51030372267358)
22263,1220040800,101,»ï¼º¿ªIriver,1,,POINT (127.064673144716 37.509352833821396)
22264,1220041000,101,µµ½É°øÇ×ÅÍ¹Ì³Î,1,,POINT (127.05855002135159 37.50938693384215)
22265,1220041100,101,³íÇöµ¿¿¡½º¾¾ÁÖÅÃ,0,,POINT (127.02631554704051 37.50943945137821)
22266,1220041400,101,°­³²°æÂû¼­»ç°Å¸®,1,,POINT (127.06646237981384 37.5098924271279)
22267,1220041500,101,³²Àüºôµù,1,,POINT (127.04239347373787 37.50984124100074)
22268,1220041600,101,»ï¼º±³±³Â÷·Î,1,,POINT (127.06738485843555 37.510045095061656)
22269,1220041700,105,°­³²±¸-¼ÛÆÄ±¸,0,,POINT (127.06857608819197 37.51024942583948)
22270,1220041800,101,¼±Á¤¸ª¿ª»ç°Å¸®,1,,POINT (127.04387056482351 37.51028768457933)
22271,1220041900,101,ÀÏ½Éºôµù,1,,POINT (127.02345090677643 37.51174946988667)
22272,1220042000,101,ÀÚÀÌ¾ðÆ®È£ÅÚ¾Õ,1,,POINT (127.04948150411806 37.51192163632293)
22273,1220042100,101,ÇÑÁÖºôµù,1,,POINT (127.02517933338508 37.51227953529963)
22274,1220042200,101,Â÷°ü¾ÆÆÄÆ®¾Õ,1,,POINT (127.0510574451387 37.512382252740245)
22275,1220042400,101,Â÷°ü¾ÆÆÄÆ®»ç°Å¸®,1,,POINT (127.05333213117292 37.51304394240511)
22276,1220042500,101,¾ÆÀÌÆÄÅ©Å¸¿ö,0,,POINT (127.06088033934905 37.51312227275745)
22277,1220042501,101,»ï¼º1µ¿ÁÖ¹Î¼¾ÅÍ,0,,POINT (127.06232655265778 37.51356829301966)
22278,1220042600,101,¿øÀÏºôµù,1,,POINT (127.02793115096065 37.51313076741889)
22279,1220042700,101,¿ì¸®ÀºÇà³íÇö2µ¿ÁöÁ¡,1,,POINT (127.03537004286332 37.51324688494125)
22280,1220042800,101,±â¸°°ÇÃà¹éÈ­Á¡,1,,POINT (127.03110119761057 37.51331611910474)
22281,1220042900,101,ÀÌ¸ð½ººôµù,1,,POINT (127.04103077442961 37.51332729876498)
22282,1220043000,101,±¹Á¦ºôµù¾Õ,1,,POINT (127.02861356291822 37.51333562034832)
22283,1220043100,101,ºÀÀº»ç»ï°Å¸®,1,,POINT (127.0563356791379 37.513553896664824)
22284,1220043200,101,¼­°æºôµù,1,,POINT (127.04260454106662 37.51368718915036)
22285,1220043201,101,»ï¼ºµ¿111-125,0,,POINT (127.04405213328127 37.5140783425703)
22286,1220043202,101,¾ðÁÖÁßÇÐ±³,0,,POINT (127.04587935563481 37.514634913350285)
22287,1220043300,101,³íÇöÁß¿øºô¶ó,0,,POINT (127.04086044957921 37.51380294825997)
22288,1220043400,101,ÇÐµ¿¿ª±³Â÷·Î,1,,POINT (127.03073517243502 37.51400039680911)
22289,1220043500,101,JSMºôµù,1,,POINT (127.03336279297554 37.51401398729101)
22290,1220043600,101,ÁøÈï»óÈ£ÀúÃàÀºÇà,0,,POINT (127.04242075435168 37.514155693549924)
22291,1220043700,101,¼­¿ïÀÇ·á¿øº°°ü,0,,POINT (127.06585355728214 37.51420242853933)
22292,1220043800,101,ÄÚ¿¢½º¾Õ±³Â÷·Î,1,,POINT (127.06023088804346 37.514265479604994)
22293,1220043801,101,»ï¼º1µ¿ÁÖ¹Î¼¾ÅÍ,1,,POINT (127.06181345453055 37.514543039747174)
22294,1220043900,101,È£»çÀåÁÖÅÃ,1,,POINT (127.03914831201966 37.514371137172056)
22295,1220044000,101,ÇÑ±¹°Ç¼³±â¼úÈ¸°ü,1,,POINT (127.03538416809069 37.51464146903854)
22296,1220044100,101,°í·Áºôµù,1,,POINT (127.03304108261534 37.514710179812106)
22297,1220044200,101,¾ÆÀÌÄ³½½ºôµù,1,,POINT (127.0304242154877 37.514706115635065)
22298,1220044300,101,ÇÑ±¹ÅäÁöÁÖÅÃ°ø»ç,0,,POINT (127.04050870309946 37.514721351853495)
22299,1220044400,101,ÇÏ¿ÍÀÌÈ£ÅÚ,1,,POINT (127.05989472223662 37.51491288209648)
22300,1220044500,101,±âµ¶±³ÇÑ±¹Ä§·ÊÈ¸»õ±¹,0,,POINT (127.04731893994122 37.5150692545251)
22301,1220044501,101,°­³²±¸Ã»,0,,POINT (127.04677403905666 37.51688481182252)
22302,1220044600,101,´ë¸íºôµù,1,,POINT (127.05225167615619 37.5150540621991)
22303,1220044700,101,¼ººÎºôµù,1,,POINT (127.04206665725138 37.515121304352505)
22304,1220044800,101,¼­¿ïÀÇ·á¿ø»ç°Å¸®,1,,POINT (127.0660092659531 37.51528508860153)
22305,1220044900,101,³íÇö¾ÆÆÄÆ®,1,,POINT (127.02257009894906 37.515238140822625)
22306,1220045000,104,ºÀÀº±³±³Â÷·Î,1,,POINT (127.06658727227752 37.51543219088509)
22307,1220045100,101,ºê¶ó¿î½ºÅæ·¹Àüµå,0,,POINT (127.04295563947656 37.51534626416427)
22308,1220045101,101,°­³²±¸Ã»¿ª(¼­¿ï7È£¼±),0,,POINT (127.04246453525276 37.51668528986423)
22309,1220045102,101,»ï¼ºµ¿111-107,0,,POINT (127.0439445462971 37.51696726624979)
22310,1220045103,101,»ï¼ºµ¿111-115,0,,POINT (127.04353834049294 37.51547775232723)
22311,1220045104,101,»ï¼ºµ¿111-107,0,,POINT (127.04412131233435 37.51634629360538)
22312,1220045200,101,³íÇö°ñÀÔ±¸,0,,POINT (127.03267506202924 37.51538254488521)
22313,1220045300,101,¼­¿ï¼¼°ü¾Õ±³Â÷·Î,1,,POINT (127.03538793118915 37.515426926067164)
22314,1220045400,105,°­³²±¸-¼ÛÆÄ±¸,0,,POINT (127.06791618411702 37.51556016512989)
22315,1220045500,101,Äý½ººô,1,,POINT (127.02363093198721 37.51557064520357)
22316,1220045600,101,°­³²±³È¸,1,,POINT (127.03852495450425 37.515594526844296)
22317,1220045700,101,µ¿ÀÏÆÄÅ©½ºÀ§Æ®,1,,POINT (127.06613109563779 37.51598946649755)
22318,1220045800,101,°í¿µºôµù,1,,POINT (127.04001112148904 37.516055319600476)
22319,1220045900,101,À¯°æºôµù¾Õ,1,,POINT (127.03818961688094 37.51628902933396)
22320,1220046000,101,»ï±¤ºôµù,1,,POINT (127.0515926193026 37.51628802500735)
22321,1220046200,101,ÇÑ±¹»ê¾÷°æÁ¦¿¬±¸¿ø,1,,POINT (127.0415466860231 37.51651250016855)
22322,1220046300,101,¼Û¾Ïºôµù,1,,POINT (127.03540138824638 37.51649972003854)
22323,1220046500,106,º»´ÙºóÄ¡,1,,POINT (127.06622591260958 37.51660446177211)
22324,1220046600,101,°­³²ÆÄ¶ó°ï,1,,POINT (127.03980001632661 37.51678435055473)
22325,1220046700,101,³íÇöºôµù,1,,POINT (127.0378787134374 37.51698046314992)
22326,1220046800,101,±¹¹Î¿¬±Ý°ü¸®°ø´Ü,1,,POINT (127.02192549632268 37.51712528370307)
22327,1220046900,101,°­³²±¸Ã»¿ª»ç°Å¸®,1,,POINT (127.04129069707336 37.517232014187286)
22328,1220047000,101,Ãµ¸¶ºôµù,1,,POINT (127.04222455605594 37.51738902175525)
22329,1220047100,101,¿þ¾îÆÝºôµù,1,,POINT (127.05096045146362 37.517482638085625)
22330,1220047200,101,»ï¼º¿ùµåÅ¸¿ö¾ÆÆÄÆ®,1,,POINT (127.04375706646235 37.51766976531873)
22331,1220047300,101,¿µµ¿È£ÅÚ,1,,POINT (127.0234460636545 37.51775911156617)
22332,1220047400,101,°­³²±¸³ëÀÎº¹ÁöÈ¸°ü,1,,POINT (127.04101573809629 37.517932978891174)
22333,1220047500,101,Èñ¼ººôµù,1,,POINT (127.02888439572475 37.51795659158981)
22334,1220047700,101,Çª¸¥¼Ö¾ÆÆÄÆ®,1,,POINT (127.0464389818668 37.518155058748924)
22335,1220047800,106,½Åµ¿¾ÆµàÅ©ºô,0,,POINT (127.06581852194516 37.51789200070536)
22336,1220047900,105,°­³²±¸-¼ÛÆÄ±¸,0,,POINT (127.06759293812947 37.518351258044845)
22337,1220048000,104,Ã»´ã1±³,0,,POINT (127.06719332816816 37.51820561274144)
22338,1220048100,101,°­³²¼¼¹«¼­,1,,POINT (127.04798948716696 37.51844527649369)
22339,1220048200,101,Ã»´ã°ø¿ø¾Õ±³Â÷·Î,1,,POINT (127.05024756598795 37.51884534783359)
22340,1220048300,101,±¸»êºôµù,1,,POINT (127.02845916519732 37.518918842876545)
22341,1220048400,101,¾Óµå·¹±è,1,,POINT (127.02625379746442 37.518940939906315)
22342,1220048500,101,Ã»´ã¿ª,1,,POINT (127.05262722903075 37.519259111709275)
22343,1220048600,101,ÇÑ±³ºôµù,0,,POINT (127.02311215233345 37.519520886519054)
22344,1220048800,101,Æ®¸®½ººôµù,1,,POINT (127.03470872930106 37.51965022334795)
22345,1220048900,101,°­³²À»Áöº´¿ø»ç°Å¸®,1,,POINT (127.02810371251175 37.51970813286013)
22346,1220049200,101,Ã»´ãÃµÁÖ±³È¸,1,,POINT (127.04964356296047 37.51996175053208)
22347,1220049500,101,°æ±â°í±³¾Õ±³Â÷·Î,1,,POINT (127.05706369038748 37.52008551938336)
22348,1220049600,101,¼¼Á¾ºôµù,1,,POINT (127.03445757499838 37.520200980031)
22349,1220049700,101,³íÇöµ¿ÇÑÁø·ÎÁîÈú¾ÆÆÄ,0,,POINT (127.03690438286093 37.520303940893236)
22350,1220049701,101,³íÇöµ¿279-11,0,,POINT (127.03663456156781 37.52087063229764)
22351,1220049800,101,°­¼®ºôµù,0,,POINT (127.02749415897084 37.520421065229414)
22352,1220049900,101,¼±È£ºôµù,1,,POINT (127.0281452418557 37.52071055639181)
22353,1220049901,101,½Å»çµ¿668,1,,POINT (127.02834092661871 37.52377695784564)
22354,1220050000,101,½ÅÃµÁöºôµù,1,,POINT (127.03173166040402 37.52085625760311)
22355,1220050100,104,Ã»´ã2±³,0,,POINT (127.06266410181875 37.52159721789321)
22356,1220050300,101,°­³²¼ö»ê¹°Á÷ÆÇÀå,0,,POINT (127.03756477701839 37.52118697053159)
22357,1220050700,101,µµ»ê°ø¿ø»ç°Å¸®,1,,POINT (127.03386424004371 37.52154577321801)
22358,1220050900,101,¿µµ¿°í±³,0,,POINT (127.03962273444237 37.52167857536095)
22359,1220051100,101,CNJºôµù,1,,POINT (127.03133694197916 37.52170980278664)
22360,1220051400,106,ÇÑ³²IC,0,,POINT (127.0184647515423 37.52207402145405)
22361,1220051500,101,¿µºÎºôµù¾Õ,1,,POINT (127.0359656587772 37.52219595889551)
22362,1220051600,106,ÇÑ³²IC,0,,POINT (127.01835361897167 37.52214543963845)
22363,1220051700,101,Ã»·Ïºô¶ó,1,,POINT (127.03136716530518 37.52241066315345)
22364,1220051800,101,¿µµ¿¼Ò¹æ,1,,POINT (127.03738459616561 37.52265680371038)
22365,1220051900,106,ÇÑ³²IC,0,,POINT (127.01964145636826 37.52267861977478)
22366,1220052000,101,±Ý±¸ºôµù,0,,POINT (127.0415328474928 37.52268392824671)
22367,1220052100,101,¿õ°¡ÇÁ¶óÀÚ,1,,POINT (127.0332767693336 37.523029922240845)
22368,1220052200,101,ÇÐµ¿»ç°Å¸®,1,,POINT (127.03915089129501 37.52319666357051)
22369,1220052300,101,ÇÏÀÌÃ÷ÆÄÅ©,1,,POINT (127.03412094005805 37.52329429501404)
22370,1220052400,101,µ¿±ÃÅ¸¿î¾Õ,1,,POINT (127.04138389280568 37.523472435237544)
22371,1220052500,101,Çö´ë¿ÀÇÇ½ºÅÚ,1,,POINT (127.05503758388282 37.52376631723033)
22372,1220052600,101,CJ¹Ìµð¾î,1,,POINT (127.04463465414409 37.523890819459154)
22373,1220052700,101,Å°³×¸¶±ØÀå,1,,POINT (127.03936973621863 37.524050744757886)
22374,1220052800,101,Çö´ë°í,0,,POINT (127.02241700515631 37.52413774788004)
22375,1220052900,101,¿µµ¿´ë±³³²Ãø,0,,POINT (127.05476501224875 37.524157405073225)
22376,1220053000,101,Ã»´ã»ç°Å¸®,1,,POINT (127.0473765747085 37.524237801416426)
22377,1220053200,101,¼Û´ãºôµù,1,,POINT (127.04824466055305 37.52435664540659)
22378,1220053400,101,½ÅÇÑ¾çºôµù,1,,POINT (127.03958555845026 37.524651416833514)
22379,1220053500,101,Ã»´ãºôµù,1,,POINT (127.05044180463214 37.52462272508126)
22380,1220053600,106,ÇÑ³²´ë±³³²Ãø,0,,POINT (127.01691138907795 37.52376687038311)
22381,1220053700,106,Ã»´ãµ¿341-2,0,,POINT (127.05802332965325 37.5244839366409)
22382,1220053800,101,KT½Å»çÁö»ç¾Õ,1,,POINT (127.02839062816226 37.524555740849486)
22383,1220053900,106,ÇÑ³²IC,0,,POINT (127.01692132188816 37.52424444080116)
22384,1220054000,106,±Ý¹®±³È¸,0,,POINT (127.05569588774465 37.525558353469144)
22385,1220054100,101,¿µµ¿´ë±³³²Ãø,0,,POINT (127.05304315666339 37.52485408454663)
22386,1220054200,101,º®´çºôµù,1,,POINT (127.02389053467532 37.52488810028868)
22387,1220054300,101,Áøºôµù,1,,POINT (127.04696339591577 37.52499199632345)
22388,1220054400,106,ÇÑ³²IC,0,,POINT (127.02002722747781 37.52677776600316)
22389,1220054500,101,¿µµ¿´ë±³³²´Ü±³Â÷·Î,1,,POINT (127.05451618138574 37.52506700358192)
22390,1220054600,101,¿µµ¿´ë±³³²Ãø,0,,POINT (127.05302499527734 37.524961232677356)
22391,1220054700,101,È¶ºÒ±³È¸,0,,POINT (127.04784943969976 37.525096532648874)
22393,1220054900,102,ÇÑ³²IC,0,,POINT (127.01889800367879 37.52518351617906)
22394,1220055000,106,ÇÑ³²IC,0,,POINT (127.02155783391196 37.52808721994726)
22395,1220055200,104,¾Ð±¸Á¤°í°¡Â÷µµ³²Ãø,0,,POINT (127.02840734963792 37.5250038512274)
22396,1220055300,101,¿µµ¿´ë±³³²Ãø,0,,POINT (127.05456716101828 37.52563685938935)
22397,1220055400,101,ÇÑ¾çÅ¸¿î¾Õ,1,,POINT (127.03996927791887 37.525766956292934)
22398,1220055500,101,Çö´ë°íµîÇÐ±³,0,,POINT (127.02084417938994 37.52609193413973)
22399,1220055600,101,Ä«·Î½ÃÆ¼2ºôµù,0,,POINT (127.02630829335266 37.526115874121714)
22400,1220055700,101,¹Ì¼º1Â÷¾ÆÆÄÆ®,0,,POINT (127.02058386631727 37.52644241374772)
22401,1220055800,106,°í°¡Â÷µµ,0,,POINT (127.05609689240002 37.52610420156698)
22402,1220055900,101,¿µµ¿´ë±³³²Ãø»ï°Å¸®,0,,POINT (127.05455512522799 37.526447683890545)
22403,1220056100,101,°¶·¯¸®¾ÆÁÖÀ¯¼Ò,1,,POINT (127.04375591399341 37.52703385193713)
22404,1220056200,106,»óÁöÄ«ÀÏ·ë1Â÷,1,,POINT (127.05416661292874 37.52728699733082)
22405,1220056300,101,¾Ð±¸Á¤·Îµ¥¿À¿ª3¹øÃâ±¸,1,,POINT (127.04232285441762 37.527401495507696)
22406,1220056400,101,½Å»ç°ø¿ø,0,,POINT (127.02177844184087 37.527404105630914)
22407,1220056500,101,ÅÂ½Âºôµù,1,,POINT (127.03354818507019 37.52758191498095)
22408,1220056700,104,¿µµ¿´ë±³³²Ãø,0,,POINT (127.05599362724183 37.52790700397175)
22409,1220060000,101,±¸Á¤°í±³,0,,POINT (127.03177479089238 37.53104436623704)
22410,1220060100,101,µ¿È£´ë±³JC,1,,POINT (127.02457270542266 37.53121414995247)
22411,1220060200,101,¾Ð±¸Á¤µ¿496,0,,POINT (127.03790399636368 37.53153358849719)
22412,1220060300,101,ÇÑ¾ç¾ÆÆÄÆ®41µ¿,0,,POINT (127.03643139654204 37.531877333419224)
22413,1220060400,106,¼º¼ö´ë±³³²Ãø,0,,POINT (127.0381011868813 37.53187887340737)
22414,1220060500,106,¾Ð±¸Á¤µ¿502,0,,POINT (127.03977057939484 37.531721285721275)
22415,1220060600,101,½Å»ç½ÃÀå,0,,POINT (127.02712793181344 37.53216834383188)
22416,1220060700,106,µ¿È£´ë±³JC,0,,POINT (127.02466103169783 37.5321844594385)
22417,1220060800,106,¼º¼ö´ë±³³²Ãø,0,,POINT (127.0351566057607 37.532373640746115)
22419,1220061100,104,µ¿È£´ë±³³²Ãø,0,,POINT (127.02313113700838 37.53348731923848)
22420,1220061200,101,¾Ð±¸Á¤Çö´ë¾ÆÆÄÆ®77µ¿,0,,POINT (127.02951246329346 37.53279354703017)
22421,1220061300,101,¾Ð±¸Á¤µ¿477,0,,POINT (127.03158256299183 37.53305404869374)
22422,1220061500,106,¼º¼ö´ë±³³²Ãø,0,,POINT (127.03431171106975 37.532311272365554)
22423,1220061600,106,¼º¼ö´ë±³³²Ãø,0,,POINT (127.0341815043362 37.53235773600933)
22424,1220061700,106,µ¿È£´ë±³JC,0,,POINT (127.02650391458828 37.53380779117268)
22425,1220061800,106,¼º¼ö´ë±³³²Ãø,0,,POINT (127.03169076578085 37.53359312374117)
22426,1220061900,106,¾Ð±¸Á¤µ¿373,0,,POINT (127.03655906174886 37.533257666392004)
22427,1220062100,106,¼º¼ö´ë±³³²Ãø,0,,POINT (127.02991656641034 37.53424844658776)
22428,1220062200,106,¾Ð±¸Á¤µ¿373-1,0,,POINT (127.03305252746122 37.5343986516104)
22448,1220063800,102,Çö´ë3Â÷¾ÆÆÄÆ®63µ¿,0,,POINT (127.03357977439401 37.53257548689333)
22449,1220063900,102,¼º¼ö´ë±³³²´Ü,0,,POINT (127.0350644467638 37.532233931878025)
22450,1220064000,106,¾Ë·ÎÇÁÆ®È£ÅÚ¼­¿ï°­³²,0,,POINT (127.05536425588011 37.523298821804076)
22451,1220064100,106,º»´ÙºóÄ¡,0,,POINT (127.06659000903049 37.516509786854876)
22462,1220150700,102,¾Ð±¸Á¤µ¿433,0,,POINT (127.02147113043577 37.52639309259932)
22463,1220150800,102,½Å»çµ¿667-31,0,,POINT (127.02762059946127 37.52381842955044)
22464,1220150900,102,¾Ð±¸Á¤µ¿386,0,,POINT (127.019783773599 37.527376301198814)
22465,1220151000,102,½Å»çµ¿667-3,0,,POINT (127.0208212779175 37.517385796935336)
22466,1220151100,102,³íÇöµ¿280-17,0,,POINT (127.02349610700288 37.510061660646905)
22467,1220151200,101,»ï¼ºµ¿111-107,0,,POINT (127.04541906008163 37.516669365590076)
22468,1220151300,102,°­³²±¸Ã»,0,,POINT (127.04836878850462 37.5171193323251)
22469,1220151400,102,Ã»´ãµ¿77-75,0,,POINT (127.05243089301368 37.519994024659816)
22470,1220151500,102,¿ª»ïµ¿801-21,0,,POINT (127.03654497522162 37.505153976317345)
22471,1220151600,102,¿ª»ïµ¿635,0,,POINT (127.02983311614086 37.501562683364455)
22472,1220151700,102,»ç¶÷°úÀÚ¿¬°Ç¼³º»»ç,0,,POINT (127.06101773826421 37.50757884701249)
22473,1220151800,102,´ëÄ¡µ¿1012-111,0,,POINT (127.05948039082459 37.506129005052216)
22474,1220151900,101,µµ°îµ¿958-24,0,,POINT (127.03618269854736 37.48551457789302)
22475,1220152000,102,µµ°îµ¿612,0,,POINT (127.03667015212321 37.485781217056434)
22476,1220152100,101,µµ°îµ¿876-18,0,,POINT (127.04005731137684 37.4892808332356)
22477,1220152200,102,µµ°îµ¿181-1,0,,POINT (127.04503188378017 37.48707278625828)
22478,1220152300,102,µµ°îµ¿556-8,0,,POINT (127.04270704245184 37.49233049745674)
22479,1220152400,102,°­³²¼¼ºê¶õ½ºº´¿ø,0,,POINT (127.04541928926304 37.49315541841046)
22480,1220152500,101,¿ª»ïµ¿805-44,0,,POINT (127.05141870615965 37.49729664373211)
22481,1220152600,102,´ëÄ¡µ¿317-2,0,,POINT (127.06285515764912 37.49885486739717)
22482,1220152700,102,´ëÄ¡µ¿317-2,0,,POINT (127.06466748787562 37.49943814482269)
22483,1220152800,101,´ëÄ¡µ¿600-13,0,,POINT (127.05920553876632 37.49359711976105)
22484,1220152900,101,´ëÄ¡µ¿600-13,0,,POINT (127.06045542050714 37.494147063276934)
22485,1220153000,102,´ëÄ¡µ¿600-13,0,,POINT (127.06191778188004 37.49481366273055)
22486,1220153100,101,´ëÄ¡µ¿600-13,0,,POINT (127.05793065947262 37.49300551355832)
22487,1220153200,102,´ëÄ¡1µ¿ÇàÁ¤º¹Áö¼¾ÅÍ,0,,POINT (127.05738071177252 37.49275553893967)
22528,1220157700,106,ÇÑ³²IC,0,,POINT (127.01457807934509 37.52529943056419)
22529,1220157800,106,ÇÑ³²´ë±³³²Ãø,0,,POINT (127.014679090749 37.525372404640606)
22530,1220157900,101,³íÇöµ¿501-5,0,,POINT (127.02118875966266 37.51681377096088)
22531,1220158000,101,³íÇöµ¿279-67,1,,POINT (127.02279271471141 37.511552100380605)
97486,1220158901,101,Ã»´ã°¡Á·°ø¿ø,0,,POINT (127.06276231934868 37.520326773447245)
102160,1220041300,101,YMCA,1,,POINT (127.03751850389382 37.509666777851116)
106181,1220002200,101,Ã»´ã1±³,0,,POINT (127.06470593275291 37.51877585354751)
106182,1220047600,101,»ï¼ºSK¾ÆÆç¹Ù¿ò¾ÆÆÄÆ®,0,,POINT (127.06536970806846 37.518028132953425)
106183,1220053300,101,Ã»¼ö±Ù¸°°ø¿ø,0,,POINT (127.05849380894084 37.523950116587905)
111247,1220056900,104,¿µµ¿´ë±³³²Ãø,0,,POINT (127.05585247846402 37.52792068404297)
111248,1220057100,101,½Å»çµ¿640ºôµù,1,,POINT (127.03524992926639 37.527731605521126)
111250,1220057200,101,Ã»´ã¸Å½ºÅÍºô,0,,POINT (127.04404367443892 37.52772984550367)
111251,1220057300,101,ÇÑ¾ç¾ÆÆÄÆ®¾Õ±³Â÷·Î,1,,POINT (127.0407038224521 37.527813764778436)
111252,1220057700,101,½Å»çµ¿668-7,1,,POINT (127.03360220496923 37.52789657541853)
111253,1220057800,101,¿ì¸®ÀºÇà¾Ð±¸Á¤¿ªÁöÁ¡,0,,POINT (127.0301751256545 37.52810304720366)
111254,1220057900,101,¾Ð±¸Á¤·Îµ¥¿À¿ª6¹øÃâ±¸,0,,POINT (127.03915350884796 37.52820524980972)
111255,1220058000,101,ÇÑ¾ç¾ÆÆÄÆ®36µ¿,1,,POINT (127.03839332203057 37.528420050422454)
111257,1220058200,101,ÄÚ³¢¸®»ó°¡,1,,POINT (127.03125741197742 37.52860934584776)
111258,1220058300,104,¾Ð±¸Á¤°í°¡Â÷µµºÏÃø,1,,POINT (127.02688762214257 37.52872443159228)
111259,1220058400,106,ÇÑ±¹À§±â°ü¸®¿¬±¸¼Ò,0,,POINT (127.02363984930768 37.53087113723617)
111260,1220058500,106,¾¾Æ¼1Â÷¾ÆÆÄÆ®,0,,POINT (127.05164501321225 37.528631998061684)
111261,1220058600,101,±Øµ¿Gallery,0,,POINT (127.03693277376027 37.528792405549574)
111262,1220058700,101,±¸Á¤Áß±³,1,,POINT (127.03256866521394 37.529030942325214)
111263,1220058800,101,YOHANºôµù,0,,POINT (127.0357726261369 37.528992086746214)
111264,1220058900,101,Ä¡¾È¼¾ÅÍ,0,,POINT (127.03522673497199 37.52911713777006)
111265,1220059000,101,¼º¼ö´ë±³³²´Ü±³Â÷·Î,1,,POINT (127.03380931938261 37.52917667306941)
111266,1220059100,101,¾Ð±¸Á¤µ¿392,0,,POINT (127.02319785362857 37.52935625392868)
111267,1220059200,101,Ã»´ãµ¿146,0,,POINT (127.04474521625642 37.529597370873624)
111268,1220059300,106,µ¿È£´ë±³JC,0,,POINT (127.02207804305833 37.52916161526126)
111269,1220059400,101,Çö´ë77µ¿¾Õ,0,,POINT (127.02771543978072 37.53026227606548)
111270,1220059500,101,ÇÑ¾ç¾ÆÆÄÆ®81µ¿,0,,POINT (127.04163924972262 37.530554929766254)
111271,1220059600,101,¾Ð±¸Á¤Á¦1µ¿»ç¹«¼Ò,0,,POINT (127.03034231736444 37.53073006733038)
111272,1220059700,104,¼º¼ö´ë±³³²Ãø,0,,POINT (127.03388491592777 37.53021597290219)
111273,1220059800,104,¼º¼ö´ë±³³²Ãø,0,,POINT (127.0340230964256 37.53022711099908)
111274,1220059900,101,¾Ð±¸Á¤µ¿496,0,,POINT (127.04012484083033 37.531013163595404)
116066,1210028400,101,ºÎ¿µºôµù,1,,POINT (127.03189231732983 37.489031946411146)
116071,1210028900,101,¹ð¹ð»ç°Å¸®,1,,POINT (127.0316412432072 37.48957912383079)
116074,1210029200,101,Çª¸£µ§¼ÈÅ¸¿ö,1,,POINT (127.03138117309793 37.4900869686687)
116075,1210029201,101,È£¹Ý°Ç¼³º»»ç,0,,POINT (127.03067755414145 37.49156215409459)
116096,1220006300,101,¿ì¼º¾ÆÆÄÆ®¾Õ»ç°Å¸®,0,,POINT (127.02996874300611 37.493048163686)
116099,1220006600,101,¿ª»ïÃÊ±³¾Õ±³Â÷·Î,0,,POINT (127.03342185161341 37.4940931821366)
116101,1220007600,101,°¡½º¾ÈÀü°ø»ç±³Â÷·Î,1,,POINT (127.07986319792103 37.49945362956692)
116102,1220007700,101,µµ¼ºÃÊ±³¾Õ±³Â÷·Î,0,,POINT (127.05086395368791 37.5005560188197)
116103,1220009700,102,¼Û¿µÁöÀ½¾ÇÇÐ¿ø,1,,POINT (127.06001107718632 37.521093941353314)
116104,1220010000,101,¾Ð±¸Á¤¿ª¾Õ±³Â÷·Î,1,,POINT (127.02838063621579 37.52717607371889)
116303,1230048900,106,Ã»´ã1±³,0,,POINT (127.06828248432528 37.5181590234318)
